<?xml version="1.0" encoding="utf-8"?>
<DefaultGEProperties><OneGEProPerties ObjType="4" PartType="4"><ShapeProperties bUseVG="0" VGName="" BUseBG="1" BGName="Tiger.bg"/></OneGEProPerties><OneGEProPerties ObjType="4" PartType="10"><ShapeProperties bUseVG="0" VGName="" BUseBG="0" BGName=""/></OneGEProPerties><OneGEProPerties ObjType="3" PartType="8"><PLCProperties Pripority="" Description=""><InPutData Pripority="1" AddrType="255" AddrTypeName="LW" CodeType="0" WordNum="3" PLCAddr="0" MaskValType="2" bUseAddrTag="0" PLCID="65534" QWord="0"/><OutPutData Pripority="1" AddrType="255" AddrTypeName="LW" CodeType="0" WordNum="1" PLCAddr="0" MaskValType="2" bUseAddrTag="0" PLCID="65534"/></PLCProperties><ShapeProperties bUseVG="0" VGName="" BUseBG="0" BGName=""/></OneGEProPerties><OneGEProPerties ObjType="3" PartType="6"><PLCProperties Pripority="" Description=""><InPutData Pripority="1" AddrType="255" AddrTypeName="LW" CodeType="0" WordNum="1" PLCAddr="9130" MaskValType="2" bUseAddrTag="0" PLCID="65534" QWord="0"/><OutPutData Pripority="1" AddrType="255" AddrTypeName="LW" CodeType="0" WordNum="1" PLCAddr="9130" MaskValType="2" bUseAddrTag="0" PLCID="65534"/></PLCProperties><ShapeProperties bUseVG="0" VGName="" BUseBG="0" BGName=""/></OneGEProPerties><OneGEProPerties ObjType="3" PartType="20"><PLCProperties Pripority="" Description=""><InPutData Pripority="1" AddrType="255" AddrTypeName="LW" CodeType="0" WordNum="1" PLCAddr="10017" MaskValType="2" bUseAddrTag="0" PLCID="65534" QWord="0"/><OutPutData Pripority="1" AddrType="255" AddrTypeName="LW" CodeType="0" WordNum="1" PLCAddr="10017" MaskValType="2" bUseAddrTag="0" PLCID="65534"/></PLCProperties><ShapeProperties bUseVG="1" VGName="k_frame_00.vg" BUseBG="0" BGName=""/></OneGEProPerties></DefaultGEProperties>
